id;user_id;datetimes;order_date;inbody_image
1;1280;2022-02-16T04:40:10;2022-02-15T21:27:41;protocol Intelligent THX
2;87488;2022-02-15T23:55:51;2022-02-16T07:24:13;PCI
3;47582;2022-02-16T12:19:59;2022-02-16T09:20:03;Sleek
4;36022;2022-02-16T05:13:12;2022-02-15T16:59:49;orange bypass
5;76986;2022-02-16T10:56:19;2022-02-15T18:39:12;Global Tools Tasty
6;96365;2022-02-15T23:27:00;2022-02-16T04:49:48;Strategist
7;91893;2022-02-15T23:14:51;2022-02-16T02:22:03;Bedfordshire markets
8;30953;2022-02-16T09:13:02;2022-02-15T14:07:57;schemas monitor Account
9;83779;2022-02-16T02:24:48;2022-02-16T11:13:06;multi-byte card
10;79451;2022-02-15T17:19:14;2022-02-15T19:48:37;driver
